"Series","Date","Value"
"Number of individual contractors rendering services to the bank",2010-03-01,11309
"Number of individual contractors rendering services to the bank",2010-06-01,10781
"Number of individual contractors rendering services to the bank",2010-09-01,10394
"Number of individual contractors rendering services to the bank",2010-12-01,9937
"Number of individual contractors rendering services to the bank",2011-03-01,9953
"Number of individual contractors rendering services to the bank",2011-06-01,9597
"Number of individual contractors rendering services to the bank",2011-09-01,9730
"Number of individual contractors rendering services to the bank",2011-12-01,9792
"Number of individual contractors rendering services to the bank",2012-03-01,10460
"Number of individual contractors rendering services to the bank",2012-06-01,10733
"Number of individual contractors rendering services to the bank",2012-09-01,10739
"Number of individual contractors rendering services to the bank",2012-12-01,10270
"Number of individual contractors rendering services to the bank",2013-03-01,9614
"Number of individual contractors rendering services to the bank",2013-06-01,9433
"Number of individual contractors rendering services to the bank",2013-09-01,9280
"Number of individual contractors rendering services to the bank",2013-12-01,9176
"Number of individual contractors rendering services to the bank",2014-03-01,9982
"Number of individual contractors rendering services to the bank",2014-06-01,8592
"Number of individual contractors rendering services to the bank",2014-09-01,8925
"Number of individual contractors rendering services to the bank",2014-12-01,8050
"Number of individual contractors rendering services to the bank",2015-03-01,6545
"Number of individual contractors rendering services to the bank",2015-06-01,4789
"Number of individual contractors rendering services to the bank",2015-09-01,5208
"Number of individual contractors rendering services to the bank",2015-12-01,8754
"Number of individual contractors rendering services to the bank",2016-03-01,8900
"Number of individual contractors rendering services to the bank",2016-06-01,9519
"Number of individual contractors rendering services to the bank",2016-09-01,9120
"Number of individual contractors rendering services to the bank",2016-12-01,8225
"Number of individual contractors rendering services to the bank",2017-03-01,7758
"Number of individual contractors rendering services to the bank",2017-06-01,7730
"Number of individual contractors rendering services to the bank",2017-09-01,7330
"Number of individual contractors rendering services to the bank",2017-12-01,7240
"Number of individual contractors rendering services to the bank",2018-03-01,6915
"Number of individual contractors rendering services to the bank",2018-06-01,7038
"Number of individual contractors rendering services to the bank",2018-09-01,7392
"Number of individual contractors rendering services to the bank",2018-12-01,6957
"Number of individual contractors rendering services to the bank",2019-03-01,6250
"Number of individual contractors rendering services to the bank",2019-06-01,6457
"Number of individual contractors rendering services to the bank",2019-09-01,6381
"Number of individual contractors rendering services to the bank",2019-12-01,6564
"Number of individual contractors rendering services to the bank",2020-03-01,6534
"Number of individual contractors rendering services to the bank",2020-06-01,5692
"Number of individual contractors rendering services to the bank",2020-09-01,7548
"Number of individual contractors rendering services to the bank",2020-12-01,7540
"Number of individual contractors rendering services to the bank",2021-03-01,7375
"Number of individual contractors rendering services to the bank",2021-06-01,8149
"Number of individual contractors rendering services to the bank",2021-09-01,9217
"Number of individual contractors rendering services to the bank",2021-12-01,9482
"Number of individual contractors rendering services to the bank",2022-03-01,9570
"Number of individual contractors rendering services to the bank",2022-06-01,8166
"Number of individual contractors rendering services to the bank",2022-09-01,10179
"Number of individual contractors rendering services to the bank",2022-12-01,7241
"Number of individual contractors rendering services to the bank",2023-03-01,6885
"Number of individual contractors rendering services to the bank",2023-06-01,6779
"Number of personnel in employ",2010-03-01,138383
"Number of personnel in employ",2010-06-01,138032
"Number of personnel in employ",2010-09-01,136876
"Number of personnel in employ",2010-12-01,138027
"Number of personnel in employ",2011-03-01,138677
"Number of personnel in employ",2011-06-01,138250
"Number of personnel in employ",2011-09-01,138300
"Number of personnel in employ",2011-12-01,136985
"Number of personnel in employ",2012-03-01,142762
"Number of personnel in employ",2012-06-01,139824
"Number of personnel in employ",2012-09-01,139930
"Number of personnel in employ",2012-12-01,140827
"Number of personnel in employ",2013-03-01,141866
"Number of personnel in employ",2013-06-01,142440
"Number of personnel in employ",2013-09-01,143222
"Number of personnel in employ",2013-12-01,143537
"Number of personnel in employ",2014-03-01,147150
"Number of personnel in employ",2014-06-01,144897
"Number of personnel in employ",2014-09-01,144721
"Number of personnel in employ",2014-12-01,146353
"Number of personnel in employ",2015-03-01,148273
"Number of personnel in employ",2015-06-01,152373
"Number of personnel in employ",2015-09-01,155520
"Number of personnel in employ",2015-12-01,152325
"Number of personnel in employ",2016-03-01,151839
"Number of personnel in employ",2016-06-01,151824
"Number of personnel in employ",2016-09-01,150751
"Number of personnel in employ",2016-12-01,151468
"Number of personnel in employ",2017-03-01,153093
"Number of personnel in employ",2017-06-01,152864
"Number of personnel in employ",2017-09-01,152353
"Number of personnel in employ",2017-12-01,152208
"Number of personnel in employ",2018-03-01,152470
"Number of personnel in employ",2018-06-01,154293
"Number of personnel in employ",2018-09-01,152323
"Number of personnel in employ",2018-12-01,152010
"Number of personnel in employ",2019-03-01,151938
"Number of personnel in employ",2019-06-01,151017
"Number of personnel in employ",2019-09-01,150297
"Number of personnel in employ",2019-12-01,148440
"Number of personnel in employ",2020-03-01,148064
"Number of personnel in employ",2020-06-01,146961
"Number of personnel in employ",2020-09-01,145263
"Number of personnel in employ",2020-12-01,144615
"Number of personnel in employ",2021-03-01,144787
"Number of personnel in employ",2021-06-01,143578
"Number of personnel in employ",2021-09-01,141069
"Number of personnel in employ",2021-12-01,139684
"Number of personnel in employ",2022-03-01,141127
"Number of personnel in employ",2022-06-01,140797
"Number of personnel in employ",2022-09-01,141769
"Number of personnel in employ",2022-12-01,142549
"Number of personnel in employ",2023-03-01,142443
"Number of personnel in employ",2023-06-01,143504
"Number of cash-dispensing automated teller machines operated by the reporting bank",2010-03-01,18041
"Number of cash-dispensing automated teller machines operated by the reporting bank",2010-06-01,18263
"Number of cash-dispensing automated teller machines operated by the reporting bank",2010-09-01,18717
"Number of cash-dispensing automated teller machines operated by the reporting bank",2010-12-01,20419
"Number of cash-dispensing automated teller machines operated by the reporting bank",2011-03-01,19926
"Number of cash-dispensing automated teller machines operated by the reporting bank",2011-06-01,20242
"Number of cash-dispensing automated teller machines operated by the reporting bank",2011-09-01,20550
"Number of cash-dispensing automated teller machines operated by the reporting bank",2011-12-01,21260
"Number of cash-dispensing automated teller machines operated by the reporting bank",2012-03-01,20961
"Number of cash-dispensing automated teller machines operated by the reporting bank",2012-06-01,21783
"Number of cash-dispensing automated teller machines operated by the reporting bank",2012-09-01,21995
"Number of cash-dispensing automated teller machines operated by the reporting bank",2012-12-01,22443
"Number of cash-dispensing automated teller machines operated by the reporting bank",2013-03-01,21255
"Number of cash-dispensing automated teller machines operated by the reporting bank",2013-06-01,21408
"Number of cash-dispensing automated teller machines operated by the reporting bank",2013-09-01,21607
"Number of cash-dispensing automated teller machines operated by the reporting bank",2013-12-01,22324
"Number of cash-dispensing automated teller machines operated by the reporting bank",2014-03-01,21990
"Number of cash-dispensing automated teller machines operated by the reporting bank",2014-06-01,22419
"Number of cash-dispensing automated teller machines operated by the reporting bank",2014-09-01,24653
"Number of cash-dispensing automated teller machines operated by the reporting bank",2014-12-01,25012
"Number of cash-dispensing automated teller machines operated by the reporting bank",2015-03-01,25240
"Number of cash-dispensing automated teller machines operated by the reporting bank",2015-06-01,26717
"Number of cash-dispensing automated teller machines operated by the reporting bank",2015-09-01,26721
"Number of cash-dispensing automated teller machines operated by the reporting bank",2015-12-01,27010
"Number of cash-dispensing automated teller machines operated by the reporting bank",2016-03-01,26923
"Number of cash-dispensing automated teller machines operated by the reporting bank",2016-06-01,26811
"Number of cash-dispensing automated teller machines operated by the reporting bank",2016-09-01,27067
"Number of cash-dispensing automated teller machines operated by the reporting bank",2016-12-01,27874
"Number of cash-dispensing automated teller machines operated by the reporting bank",2017-03-01,27436
"Number of cash-dispensing automated teller machines operated by the reporting bank",2017-06-01,27346
"Number of cash-dispensing automated teller machines operated by the reporting bank",2017-09-01,27384
"Number of cash-dispensing automated teller machines operated by the reporting bank",2017-12-01,27376
"Number of cash-dispensing automated teller machines operated by the reporting bank",2018-03-01,27361
"Number of cash-dispensing automated teller machines operated by the reporting bank",2018-06-01,27870
"Number of cash-dispensing automated teller machines operated by the reporting bank",2018-09-01,27913
"Number of cash-dispensing automated teller machines operated by the reporting bank",2018-12-01,28094
"Number of cash-dispensing automated teller machines operated by the reporting bank",2019-03-01,27434
"Number of cash-dispensing automated teller machines operated by the reporting bank",2019-06-01,27202
"Number of cash-dispensing automated teller machines operated by the reporting bank",2019-09-01,27072
"Number of cash-dispensing automated teller machines operated by the reporting bank",2019-12-01,27198
"Number of cash-dispensing automated teller machines operated by the reporting bank",2020-03-01,27166
"Number of cash-dispensing automated teller machines operated by the reporting bank",2020-06-01,25657
"Number of cash-dispensing automated teller machines operated by the reporting bank",2020-09-01,25182
"Number of cash-dispensing automated teller machines operated by the reporting bank",2020-12-01,24822
"Number of cash-dispensing automated teller machines operated by the reporting bank",2021-03-01,24740
"Number of cash-dispensing automated teller machines operated by the reporting bank",2021-06-01,24478
"Number of cash-dispensing automated teller machines operated by the reporting bank",2021-09-01,23886
"Number of cash-dispensing automated teller machines operated by the reporting bank",2021-12-01,23952
"Number of cash-dispensing automated teller machines operated by the reporting bank",2022-03-01,22851
"Number of cash-dispensing automated teller machines operated by the reporting bank",2022-06-01,21991
"Number of cash-dispensing automated teller machines operated by the reporting bank",2022-09-01,21251
"Number of cash-dispensing automated teller machines operated by the reporting bank",2022-12-01,20673
"Number of cash-dispensing automated teller machines operated by the reporting bank",2023-03-01,21561
"Number of cash-dispensing automated teller machines operated by the reporting bank",2023-06-01,21489
"Number of branches and sub-branches in the Republic",2010-03-01,3180
"Number of branches and sub-branches in the Republic",2010-06-01,3215
"Number of branches and sub-branches in the Republic",2010-09-01,3209
"Number of branches and sub-branches in the Republic",2010-12-01,3429
"Number of branches and sub-branches in the Republic",2011-03-01,3486
"Number of branches and sub-branches in the Republic",2011-06-01,3460
"Number of branches and sub-branches in the Republic",2011-09-01,3545
"Number of branches and sub-branches in the Republic",2011-12-01,3718
"Number of branches and sub-branches in the Republic",2012-03-01,3717
"Number of branches and sub-branches in the Republic",2012-06-01,3705
"Number of branches and sub-branches in the Republic",2012-09-01,3682
"Number of branches and sub-branches in the Republic",2012-12-01,3706
"Number of branches and sub-branches in the Republic",2013-03-01,3662
"Number of branches and sub-branches in the Republic",2013-06-01,3812
"Number of branches and sub-branches in the Republic",2013-09-01,3652
"Number of branches and sub-branches in the Republic",2013-12-01,3697
"Number of branches and sub-branches in the Republic",2014-03-01,3785
"Number of branches and sub-branches in the Republic",2014-06-01,3747
"Number of branches and sub-branches in the Republic",2014-09-01,4203
"Number of branches and sub-branches in the Republic",2014-12-01,4169
"Number of branches and sub-branches in the Republic",2015-03-01,4140
"Number of branches and sub-branches in the Republic",2015-06-01,4062
"Number of branches and sub-branches in the Republic",2015-09-01,4031
"Number of branches and sub-branches in the Republic",2015-12-01,4044
"Number of branches and sub-branches in the Republic",2016-03-01,4049
"Number of branches and sub-branches in the Republic",2016-06-01,4019
"Number of branches and sub-branches in the Republic",2016-09-01,4030
"Number of branches and sub-branches in the Republic",2016-12-01,4042
"Number of branches and sub-branches in the Republic",2017-03-01,3998
"Number of branches and sub-branches in the Republic",2017-06-01,3954
"Number of branches and sub-branches in the Republic",2017-09-01,3955
"Number of branches and sub-branches in the Republic",2017-12-01,3878
"Number of branches and sub-branches in the Republic",2018-03-01,4162
"Number of branches and sub-branches in the Republic",2018-06-01,4139
"Number of branches and sub-branches in the Republic",2018-09-01,4171
"Number of branches and sub-branches in the Republic",2018-12-01,4149
"Number of branches and sub-branches in the Republic",2019-03-01,4127
"Number of branches and sub-branches in the Republic",2019-06-01,4005
"Number of branches and sub-branches in the Republic",2019-09-01,4003
"Number of branches and sub-branches in the Republic",2019-12-01,3976
"Number of branches and sub-branches in the Republic",2020-03-01,3954
"Number of branches and sub-branches in the Republic",2020-06-01,3953
"Number of branches and sub-branches in the Republic",2020-09-01,3923
"Number of branches and sub-branches in the Republic",2020-12-01,3875
"Number of branches and sub-branches in the Republic",2021-03-01,3859
"Number of branches and sub-branches in the Republic",2021-06-01,3294
"Number of branches and sub-branches in the Republic",2021-09-01,3941
"Number of branches and sub-branches in the Republic",2021-12-01,3918
"Number of branches and sub-branches in the Republic",2022-03-01,3980
"Number of branches and sub-branches in the Republic",2022-06-01,3888
"Number of branches and sub-branches in the Republic",2022-09-01,3849
"Number of branches and sub-branches in the Republic",2022-12-01,3810
"Number of branches and sub-branches in the Republic",2023-03-01,3862
"Number of branches and sub-branches in the Republic",2023-06-01,3739
"Number of agencies in the Republic",2010-03-01,671
"Number of agencies in the Republic",2010-06-01,650
"Number of agencies in the Republic",2010-09-01,642
"Number of agencies in the Republic",2010-12-01,942
"Number of agencies in the Republic",2011-03-01,936
"Number of agencies in the Republic",2011-06-01,947
"Number of agencies in the Republic",2011-09-01,973
"Number of agencies in the Republic",2011-12-01,968
"Number of agencies in the Republic",2012-03-01,972
"Number of agencies in the Republic",2012-06-01,970
"Number of agencies in the Republic",2012-09-01,962
"Number of agencies in the Republic",2012-12-01,1064
"Number of agencies in the Republic",2013-03-01,1070
"Number of agencies in the Republic",2013-06-01,1071
"Number of agencies in the Republic",2013-09-01,665
"Number of agencies in the Republic",2013-12-01,671
"Number of agencies in the Republic",2014-03-01,672
"Number of agencies in the Republic",2014-06-01,659
"Number of agencies in the Republic",2014-09-01,212
"Number of agencies in the Republic",2014-12-01,212
"Number of agencies in the Republic",2015-03-01,211
"Number of agencies in the Republic",2015-06-01,205
"Number of agencies in the Republic",2015-09-01,207
"Number of agencies in the Republic",2015-12-01,203
"Number of agencies in the Republic",2016-03-01,87
"Number of agencies in the Republic",2016-06-01,81
"Number of agencies in the Republic",2016-09-01,82
"Number of agencies in the Republic",2016-12-01,88
"Number of agencies in the Republic",2017-03-01,85
"Number of agencies in the Republic",2017-06-01,77
"Number of agencies in the Republic",2017-09-01,78
"Number of agencies in the Republic",2017-12-01,72
"Number of agencies in the Republic",2018-03-01,73
"Number of agencies in the Republic",2018-06-01,74
"Number of agencies in the Republic",2018-09-01,74
"Number of agencies in the Republic",2018-12-01,76
"Number of agencies in the Republic",2019-03-01,73
"Number of agencies in the Republic",2019-06-01,74
"Number of agencies in the Republic",2019-09-01,77
"Number of agencies in the Republic",2019-12-01,76
"Number of agencies in the Republic",2020-03-01,77
"Number of agencies in the Republic",2020-06-01,73
"Number of agencies in the Republic",2020-09-01,72
"Number of agencies in the Republic",2020-12-01,73
"Number of agencies in the Republic",2021-03-01,70
"Number of agencies in the Republic",2021-06-01,70
"Number of agencies in the Republic",2021-09-01,70
"Number of agencies in the Republic",2021-12-01,64
"Number of agencies in the Republic",2022-03-01,64
"Number of agencies in the Republic",2022-06-01,64
"Number of agencies in the Republic",2022-09-01,64
"Number of agencies in the Republic",2022-12-01,49
"Number of agencies in the Republic",2023-03-01,49
"Number of agencies in the Republic",2023-06-01,5
"Number of branches and agencies in foreign countries",2010-03-01,28
"Number of branches and agencies in foreign countries",2010-06-01,104
"Number of branches and agencies in foreign countries",2010-09-01,103
"Number of branches and agencies in foreign countries",2010-12-01,104
"Number of branches and agencies in foreign countries",2011-03-01,103
"Number of branches and agencies in foreign countries",2011-06-01,102
"Number of branches and agencies in foreign countries",2011-09-01,102
"Number of branches and agencies in foreign countries",2011-12-01,102
"Number of branches and agencies in foreign countries",2012-03-01,102
"Number of branches and agencies in foreign countries",2012-06-01,102
"Number of branches and agencies in foreign countries",2012-09-01,102
"Number of branches and agencies in foreign countries",2012-12-01,102
"Number of branches and agencies in foreign countries",2013-03-01,102
"Number of branches and agencies in foreign countries",2013-06-01,102
"Number of branches and agencies in foreign countries",2013-09-01,102
"Number of branches and agencies in foreign countries",2013-12-01,104
"Number of branches and agencies in foreign countries",2014-03-01,104
"Number of branches and agencies in foreign countries",2014-06-01,104
"Number of branches and agencies in foreign countries",2014-09-01,102
"Number of branches and agencies in foreign countries",2014-12-01,103
"Number of branches and agencies in foreign countries",2015-03-01,114
"Number of branches and agencies in foreign countries",2015-06-01,161
"Number of branches and agencies in foreign countries",2015-09-01,219
"Number of branches and agencies in foreign countries",2015-12-01,218
"Number of branches and agencies in foreign countries",2016-03-01,223
"Number of branches and agencies in foreign countries",2016-06-01,227
"Number of branches and agencies in foreign countries",2016-09-01,225
"Number of branches and agencies in foreign countries",2016-12-01,227
"Number of branches and agencies in foreign countries",2017-03-01,225
"Number of branches and agencies in foreign countries",2017-06-01,228
"Number of branches and agencies in foreign countries",2017-09-01,225
"Number of branches and agencies in foreign countries",2017-12-01,220
"Number of branches and agencies in foreign countries",2018-03-01,218
"Number of branches and agencies in foreign countries",2018-06-01,217
"Number of branches and agencies in foreign countries",2018-09-01,216
"Number of branches and agencies in foreign countries",2018-12-01,213
"Number of branches and agencies in foreign countries",2019-03-01,212
"Number of branches and agencies in foreign countries",2019-06-01,212
"Number of branches and agencies in foreign countries",2019-09-01,212
"Number of branches and agencies in foreign countries",2019-12-01,212
"Number of branches and agencies in foreign countries",2020-03-01,212
"Number of branches and agencies in foreign countries",2020-06-01,212
"Number of branches and agencies in foreign countries",2020-09-01,30
"Number of branches and agencies in foreign countries",2020-12-01,30
"Number of branches and agencies in foreign countries",2021-03-01,31
"Number of branches and agencies in foreign countries",2021-06-01,30
"Number of branches and agencies in foreign countries",2021-09-01,30
"Number of branches and agencies in foreign countries",2021-12-01,29
"Number of branches and agencies in foreign countries",2022-03-01,26
"Number of branches and agencies in foreign countries",2022-06-01,29
"Number of branches and agencies in foreign countries",2022-09-01,29
"Number of branches and agencies in foreign countries",2022-12-01,12
"Number of branches and agencies in foreign countries",2023-03-01,12
"Number of branches and agencies in foreign countries",2023-06-01,12
"Number of current accounts, including those under cash-management schemes",2010-03-01,6637754
"Number of current accounts, including those under cash-management schemes",2010-06-01,6878347
"Number of current accounts, including those under cash-management schemes",2010-09-01,7175436
"Number of current accounts, including those under cash-management schemes",2010-12-01,6704362
"Number of current accounts, including those under cash-management schemes",2011-03-01,6970912
"Number of current accounts, including those under cash-management schemes",2011-06-01,7246247
"Number of current accounts, including those under cash-management schemes",2011-09-01,7522878
"Number of current accounts, including those under cash-management schemes",2011-12-01,7973300
"Number of current accounts, including those under cash-management schemes",2012-03-01,8292830
"Number of current accounts, including those under cash-management schemes",2012-06-01,11067910
"Number of current accounts, including those under cash-management schemes",2012-09-01,12531880
"Number of current accounts, including those under cash-management schemes",2012-12-01,16432825
"Number of current accounts, including those under cash-management schemes",2013-03-01,19306467
"Number of current accounts, including those under cash-management schemes",2013-06-01,20426064
"Number of current accounts, including those under cash-management schemes",2013-09-01,20887602
"Number of current accounts, including those under cash-management schemes",2013-12-01,20982729
"Number of current accounts, including those under cash-management schemes",2014-03-01,21309199
"Number of current accounts, including those under cash-management schemes",2014-06-01,21569093
"Number of current accounts, including those under cash-management schemes",2014-09-01,21807085
"Number of current accounts, including those under cash-management schemes",2014-12-01,21959707
"Number of current accounts, including those under cash-management schemes",2015-03-01,22315983
"Number of current accounts, including those under cash-management schemes",2015-06-01,22500723
"Number of current accounts, including those under cash-management schemes",2015-09-01,22901099
"Number of current accounts, including those under cash-management schemes",2015-12-01,22950105
"Number of current accounts, including those under cash-management schemes",2016-03-01,23526662
"Number of current accounts, including those under cash-management schemes",2016-06-01,23634313
"Number of current accounts, including those under cash-management schemes",2016-09-01,23882235
"Number of current accounts, including those under cash-management schemes",2016-12-01,23969361
"Number of current accounts, including those under cash-management schemes",2017-03-01,27600335
"Number of current accounts, including those under cash-management schemes",2017-06-01,27711064
"Number of current accounts, including those under cash-management schemes",2017-09-01,27715551
"Number of current accounts, including those under cash-management schemes",2017-12-01,27786920
"Number of current accounts, including those under cash-management schemes",2018-03-01,26167235
"Number of current accounts, including those under cash-management schemes",2018-06-01,25004135
"Number of current accounts, including those under cash-management schemes",2018-09-01,18856915
"Number of current accounts, including those under cash-management schemes",2018-12-01,16372191
"Number of current accounts, including those under cash-management schemes",2019-03-01,16235617
"Number of current accounts, including those under cash-management schemes",2019-06-01,16290932
"Number of current accounts, including those under cash-management schemes",2019-09-01,16510240
"Number of current accounts, including those under cash-management schemes",2019-12-01,16711869
"Number of current accounts, including those under cash-management schemes",2020-03-01,19168561
"Number of current accounts, including those under cash-management schemes",2020-06-01,19334371
"Number of current accounts, including those under cash-management schemes",2020-09-01,19955279
"Number of current accounts, including those under cash-management schemes",2020-12-01,20423637
"Number of current accounts, including those under cash-management schemes",2021-03-01,21067816
"Number of current accounts, including those under cash-management schemes",2021-06-01,21907864
"Number of current accounts, including those under cash-management schemes",2021-09-01,22611059
"Number of current accounts, including those under cash-management schemes",2021-12-01,23461918
"Number of current accounts, including those under cash-management schemes",2022-03-01,24406369
"Number of current accounts, including those under cash-management schemes",2022-06-01,25657705
"Number of current accounts, including those under cash-management schemes",2022-09-01,27497247
"Number of current accounts, including those under cash-management schemes",2022-12-01,28601932
"Number of current accounts, including those under cash-management schemes",2023-03-01,29949312
"Number of current accounts, including those under cash-management schemes",2023-06-01,31508749
"Number of deposit accounts, excluding current accounts",2010-03-01,23835003
"Number of deposit accounts, excluding current accounts",2010-06-01,24025833
"Number of deposit accounts, excluding current accounts",2010-09-01,26471953
"Number of deposit accounts, excluding current accounts",2010-12-01,26826564
"Number of deposit accounts, excluding current accounts",2011-03-01,27596091
"Number of deposit accounts, excluding current accounts",2011-06-01,27287201
"Number of deposit accounts, excluding current accounts",2011-09-01,27846623
"Number of deposit accounts, excluding current accounts",2011-12-01,27731338
"Number of deposit accounts, excluding current accounts",2012-03-01,28058454
"Number of deposit accounts, excluding current accounts",2012-06-01,28052635
"Number of deposit accounts, excluding current accounts",2012-09-01,27736852
"Number of deposit accounts, excluding current accounts",2012-12-01,28461658
"Number of deposit accounts, excluding current accounts",2013-03-01,33503200
"Number of deposit accounts, excluding current accounts",2013-06-01,34729557
"Number of deposit accounts, excluding current accounts",2013-09-01,34873379
"Number of deposit accounts, excluding current accounts",2013-12-01,35558035
"Number of deposit accounts, excluding current accounts",2014-03-01,36886598
"Number of deposit accounts, excluding current accounts",2014-06-01,37826012
"Number of deposit accounts, excluding current accounts",2014-09-01,38539774
"Number of deposit accounts, excluding current accounts",2014-12-01,39306976
"Number of deposit accounts, excluding current accounts",2015-03-01,39710337
"Number of deposit accounts, excluding current accounts",2015-06-01,40441358
"Number of deposit accounts, excluding current accounts",2015-09-01,39188119
"Number of deposit accounts, excluding current accounts",2015-12-01,40433328
"Number of deposit accounts, excluding current accounts",2016-03-01,37360516
"Number of deposit accounts, excluding current accounts",2016-06-01,38236781
"Number of deposit accounts, excluding current accounts",2016-09-01,39021703
"Number of deposit accounts, excluding current accounts",2016-12-01,39816273
"Number of deposit accounts, excluding current accounts",2017-03-01,39106210
"Number of deposit accounts, excluding current accounts",2017-06-01,39922839
"Number of deposit accounts, excluding current accounts",2017-09-01,40988778
"Number of deposit accounts, excluding current accounts",2017-12-01,39697573
"Number of deposit accounts, excluding current accounts",2018-03-01,42446374
"Number of deposit accounts, excluding current accounts",2018-06-01,43048480
"Number of deposit accounts, excluding current accounts",2018-09-01,41374345
"Number of deposit accounts, excluding current accounts",2018-12-01,41313806
"Number of deposit accounts, excluding current accounts",2019-03-01,42814045
"Number of deposit accounts, excluding current accounts",2019-06-01,43936321
"Number of deposit accounts, excluding current accounts",2019-09-01,45990943
"Number of deposit accounts, excluding current accounts",2019-12-01,46582080
"Number of deposit accounts, excluding current accounts",2020-03-01,43075742
"Number of deposit accounts, excluding current accounts",2020-06-01,44650831
"Number of deposit accounts, excluding current accounts",2020-09-01,45796067
"Number of deposit accounts, excluding current accounts",2020-12-01,47498753
"Number of deposit accounts, excluding current accounts",2021-03-01,49111785
"Number of deposit accounts, excluding current accounts",2021-06-01,50981640
"Number of deposit accounts, excluding current accounts",2021-09-01,52475475
"Number of deposit accounts, excluding current accounts",2021-12-01,55915188
"Number of deposit accounts, excluding current accounts",2022-03-01,56951495
"Number of deposit accounts, excluding current accounts",2022-06-01,58583186
"Number of deposit accounts, excluding current accounts",2022-09-01,61183805
"Number of deposit accounts, excluding current accounts",2022-12-01,63824717
"Number of deposit accounts, excluding current accounts",2023-03-01,69562300
"Number of deposit accounts, excluding current accounts",2023-06-01,71443146
"Number of reporting bank's electronic data transfer (card swipe) machines at point of sale",2010-03-01,28500296
"Number of reporting bank's electronic data transfer (card swipe) machines at point of sale",2010-06-01,29176088
"Number of reporting bank's electronic data transfer (card swipe) machines at point of sale",2010-09-01,30478920
"Number of reporting bank's electronic data transfer (card swipe) machines at point of sale",2010-12-01,37847060
"Number of reporting bank's electronic data transfer (card swipe) machines at point of sale",2011-03-01,28937684
"Number of reporting bank's electronic data transfer (card swipe) machines at point of sale",2011-06-01,31733436
"Number of reporting bank's electronic data transfer (card swipe) machines at point of sale",2011-09-01,34415512
"Number of reporting bank's electronic data transfer (card swipe) machines at point of sale",2011-12-01,37660812
"Number of reporting bank's electronic data transfer (card swipe) machines at point of sale",2012-03-01,29851060
"Number of reporting bank's electronic data transfer (card swipe) machines at point of sale",2012-06-01,29795300
"Number of reporting bank's electronic data transfer (card swipe) machines at point of sale",2012-09-01,30659329
"Number of reporting bank's electronic data transfer (card swipe) machines at point of sale",2012-12-01,39328693
"Number of reporting bank's electronic data transfer (card swipe) machines at point of sale",2013-03-01,33677174
"Number of reporting bank's electronic data transfer (card swipe) machines at point of sale",2013-06-01,32615485
"Number of reporting bank's electronic data transfer (card swipe) machines at point of sale",2013-09-01,33561052
"Number of reporting bank's electronic data transfer (card swipe) machines at point of sale",2013-12-01,41362537
"Number of reporting bank's electronic data transfer (card swipe) machines at point of sale",2014-03-01,37464369
"Number of reporting bank's electronic data transfer (card swipe) machines at point of sale",2014-06-01,36018364
"Number of reporting bank's electronic data transfer (card swipe) machines at point of sale",2014-09-01,36484128
"Number of reporting bank's electronic data transfer (card swipe) machines at point of sale",2014-12-01,44934692
"Number of reporting bank's electronic data transfer (card swipe) machines at point of sale",2015-03-01,36430750
"Number of reporting bank's electronic data transfer (card swipe) machines at point of sale",2015-06-01,36997005
"Number of reporting bank's electronic data transfer (card swipe) machines at point of sale",2015-09-01,38148972
"Number of reporting bank's electronic data transfer (card swipe) machines at point of sale",2015-12-01,47876965
"Number of reporting bank's electronic data transfer (card swipe) machines at point of sale",2016-03-01,356414
"Number of reporting bank's electronic data transfer (card swipe) machines at point of sale",2016-06-01,358594
"Number of reporting bank's electronic data transfer (card swipe) machines at point of sale",2016-09-01,366670
"Number of reporting bank's electronic data transfer (card swipe) machines at point of sale",2016-12-01,403463
"Number of reporting bank's electronic data transfer (card swipe) machines at point of sale",2017-03-01,366512
"Number of reporting bank's electronic data transfer (card swipe) machines at point of sale",2017-06-01,378107
"Number of reporting bank's electronic data transfer (card swipe) machines at point of sale",2017-09-01,381019
"Number of reporting bank's electronic data transfer (card swipe) machines at point of sale",2017-12-01,403275
"Number of reporting bank's electronic data transfer (card swipe) machines at point of sale",2018-03-01,402247
"Number of reporting bank's electronic data transfer (card swipe) machines at point of sale",2018-06-01,398633
"Number of reporting bank's electronic data transfer (card swipe) machines at point of sale",2018-09-01,424251
"Number of reporting bank's electronic data transfer (card swipe) machines at point of sale",2018-12-01,418259
"Number of reporting bank's electronic data transfer (card swipe) machines at point of sale",2019-03-01,472208
"Number of reporting bank's electronic data transfer (card swipe) machines at point of sale",2019-06-01,479925
"Number of reporting bank's electronic data transfer (card swipe) machines at point of sale",2019-09-01,491554
"Number of reporting bank's electronic data transfer (card swipe) machines at point of sale",2019-12-01,461447
"Number of reporting bank's electronic data transfer (card swipe) machines at point of sale",2020-03-01,424955
"Number of reporting bank's electronic data transfer (card swipe) machines at point of sale",2020-06-01,395675
"Number of reporting bank's electronic data transfer (card swipe) machines at point of sale",2020-09-01,422153
"Number of reporting bank's electronic data transfer (card swipe) machines at point of sale",2020-12-01,431569
"Number of reporting bank's electronic data transfer (card swipe) machines at point of sale",2021-03-01,447045
"Number of reporting bank's electronic data transfer (card swipe) machines at point of sale",2021-06-01,440439
"Number of reporting bank's electronic data transfer (card swipe) machines at point of sale",2021-09-01,439045
"Number of reporting bank's electronic data transfer (card swipe) machines at point of sale",2021-12-01,440844
"Number of reporting bank's electronic data transfer (card swipe) machines at point of sale",2022-03-01,436743
"Number of reporting bank's electronic data transfer (card swipe) machines at point of sale",2022-06-01,435476
"Number of reporting bank's electronic data transfer (card swipe) machines at point of sale",2022-09-01,436873
"Number of reporting bank's electronic data transfer (card swipe) machines at point of sale",2022-12-01,438824
"Number of reporting bank's electronic data transfer (card swipe) machines at point of sale",2023-03-01,436359
"Number of reporting bank's electronic data transfer (card swipe) machines at point of sale",2023-06-01,499510
"Number of motor vehicles repossessed by the reporting bank : Passenger cars",2010-03-01,6617
"Number of motor vehicles repossessed by the reporting bank : Passenger cars",2010-06-01,10203
"Number of motor vehicles repossessed by the reporting bank : Passenger cars",2010-09-01,9606
"Number of motor vehicles repossessed by the reporting bank : Passenger cars",2010-12-01,9907
"Number of motor vehicles repossessed by the reporting bank : Passenger cars",2011-03-01,9894
"Number of motor vehicles repossessed by the reporting bank : Passenger cars",2011-06-01,8621
"Number of motor vehicles repossessed by the reporting bank : Passenger cars",2011-09-01,9310
"Number of motor vehicles repossessed by the reporting bank : Passenger cars",2011-12-01,8582
"Number of motor vehicles repossessed by the reporting bank : Passenger cars",2012-03-01,7781
"Number of motor vehicles repossessed by the reporting bank : Passenger cars",2012-06-01,7196
"Number of motor vehicles repossessed by the reporting bank : Passenger cars",2012-09-01,6156
"Number of motor vehicles repossessed by the reporting bank : Passenger cars",2012-12-01,5211
"Number of motor vehicles repossessed by the reporting bank : Passenger cars",2013-03-01,7656
"Number of motor vehicles repossessed by the reporting bank : Passenger cars",2013-06-01,5579
"Number of motor vehicles repossessed by the reporting bank : Passenger cars",2013-09-01,5557
"Number of motor vehicles repossessed by the reporting bank : Passenger cars",2013-12-01,5078
"Number of motor vehicles repossessed by the reporting bank : Passenger cars",2014-03-01,5685
"Number of motor vehicles repossessed by the reporting bank : Passenger cars",2014-06-01,5953
"Number of motor vehicles repossessed by the reporting bank : Passenger cars",2014-09-01,5158
"Number of motor vehicles repossessed by the reporting bank : Passenger cars",2014-12-01,4697
"Number of motor vehicles repossessed by the reporting bank : Passenger cars",2015-03-01,6718
"Number of motor vehicles repossessed by the reporting bank : Passenger cars",2015-06-01,7080
"Number of motor vehicles repossessed by the reporting bank : Passenger cars",2015-09-01,6768
"Number of motor vehicles repossessed by the reporting bank : Passenger cars",2015-12-01,6095
"Number of motor vehicles repossessed by the reporting bank : Passenger cars",2016-03-01,7291
"Number of motor vehicles repossessed by the reporting bank : Passenger cars",2016-06-01,7530
"Number of motor vehicles repossessed by the reporting bank : Passenger cars",2016-09-01,8019
"Number of motor vehicles repossessed by the reporting bank : Passenger cars",2016-12-01,7481
"Number of motor vehicles repossessed by the reporting bank : Passenger cars",2017-03-01,8599
"Number of motor vehicles repossessed by the reporting bank : Passenger cars",2017-06-01,9587
"Number of motor vehicles repossessed by the reporting bank : Passenger cars",2017-09-01,7523
"Number of motor vehicles repossessed by the reporting bank : Passenger cars",2017-12-01,6790
"Number of motor vehicles repossessed by the reporting bank : Passenger cars",2018-03-01,8431
"Number of motor vehicles repossessed by the reporting bank : Passenger cars",2018-06-01,8330
"Number of motor vehicles repossessed by the reporting bank : Passenger cars",2018-09-01,8141
"Number of motor vehicles repossessed by the reporting bank : Passenger cars",2018-12-01,7673
"Number of motor vehicles repossessed by the reporting bank : Passenger cars",2019-03-01,9056
"Number of motor vehicles repossessed by the reporting bank : Passenger cars",2019-06-01,8970
"Number of motor vehicles repossessed by the reporting bank : Passenger cars",2019-09-01,8730
"Number of motor vehicles repossessed by the reporting bank : Passenger cars",2019-12-01,7972
"Number of motor vehicles repossessed by the reporting bank : Passenger cars",2020-03-01,8774
"Number of motor vehicles repossessed by the reporting bank : Passenger cars",2020-06-01,5519
"Number of motor vehicles repossessed by the reporting bank : Passenger cars",2020-09-01,10628
"Number of motor vehicles repossessed by the reporting bank : Passenger cars",2020-12-01,9667
"Number of motor vehicles repossessed by the reporting bank : Passenger cars",2021-03-01,12717
"Number of motor vehicles repossessed by the reporting bank : Passenger cars",2021-06-01,13120
"Number of motor vehicles repossessed by the reporting bank : Passenger cars",2021-09-01,12637
"Number of motor vehicles repossessed by the reporting bank : Passenger cars",2021-12-01,12140
"Number of motor vehicles repossessed by the reporting bank : Passenger cars",2022-03-01,12083
"Number of motor vehicles repossessed by the reporting bank : Passenger cars",2022-06-01,11655
"Number of motor vehicles repossessed by the reporting bank : Passenger cars",2022-09-01,11914
"Number of motor vehicles repossessed by the reporting bank : Passenger cars",2022-12-01,12896
"Number of motor vehicles repossessed by the reporting bank : Passenger cars",2023-03-01,15351
"Number of motor vehicles repossessed by the reporting bank : Passenger cars",2023-06-01,16915
"Commercial vehicles and other",2010-03-01,2230
"Commercial vehicles and other",2010-06-01,2419
"Commercial vehicles and other",2010-09-01,1612
"Commercial vehicles and other",2010-12-01,1793
"Commercial vehicles and other",2011-03-01,2019
"Commercial vehicles and other",2011-06-01,2236
"Commercial vehicles and other",2011-09-01,2321
"Commercial vehicles and other",2011-12-01,2079
"Commercial vehicles and other",2012-03-01,2347
"Commercial vehicles and other",2012-06-01,2156
"Commercial vehicles and other",2012-09-01,2037
"Commercial vehicles and other",2012-12-01,1823
"Commercial vehicles and other",2013-03-01,2207
"Commercial vehicles and other",2013-06-01,1423
"Commercial vehicles and other",2013-09-01,1280
"Commercial vehicles and other",2013-12-01,1203
"Commercial vehicles and other",2014-03-01,1047
"Commercial vehicles and other",2014-06-01,1203
"Commercial vehicles and other",2014-09-01,811
"Commercial vehicles and other",2014-12-01,702
"Commercial vehicles and other",2015-03-01,1434
"Commercial vehicles and other",2015-06-01,1263
"Commercial vehicles and other",2015-09-01,1226
"Commercial vehicles and other",2015-12-01,945
"Commercial vehicles and other",2016-03-01,1486
"Commercial vehicles and other",2016-06-01,1428
"Commercial vehicles and other",2016-09-01,1475
"Commercial vehicles and other",2016-12-01,1138
"Commercial vehicles and other",2017-03-01,1346
"Commercial vehicles and other",2017-06-01,1363
"Commercial vehicles and other",2017-09-01,1071
"Commercial vehicles and other",2017-12-01,995
"Commercial vehicles and other",2018-03-01,1273
"Commercial vehicles and other",2018-06-01,1271
"Commercial vehicles and other",2018-09-01,1190
"Commercial vehicles and other",2018-12-01,908
"Commercial vehicles and other",2019-03-01,1279
"Commercial vehicles and other",2019-06-01,1303
"Commercial vehicles and other",2019-09-01,1396
"Commercial vehicles and other",2019-12-01,1014
"Commercial vehicles and other",2020-03-01,1245
"Commercial vehicles and other",2020-06-01,466
"Commercial vehicles and other",2020-09-01,1512
"Commercial vehicles and other",2020-12-01,1194
"Commercial vehicles and other",2021-03-01,1716
"Commercial vehicles and other",2021-06-01,1231
"Commercial vehicles and other",2021-09-01,1058
"Commercial vehicles and other",2021-12-01,1161
"Commercial vehicles and other",2022-03-01,1075
"Commercial vehicles and other",2022-06-01,1074
"Commercial vehicles and other",2022-09-01,999
"Commercial vehicles and other",2022-12-01,881
"Commercial vehicles and other",2023-03-01,1024
"Commercial vehicles and other",2023-06-01,1513
"Number of properties repossessed by the reporting bank : Residential properties",2010-03-01,3835
"Number of properties repossessed by the reporting bank : Residential properties",2010-06-01,4177
"Number of properties repossessed by the reporting bank : Residential properties",2010-09-01,3350
"Number of properties repossessed by the reporting bank : Residential properties",2010-12-01,3369
"Number of properties repossessed by the reporting bank : Residential properties",2011-03-01,3709
"Number of properties repossessed by the reporting bank : Residential properties",2011-06-01,3805
"Number of properties repossessed by the reporting bank : Residential properties",2011-09-01,3717
"Number of properties repossessed by the reporting bank : Residential properties",2011-12-01,3417
"Number of properties repossessed by the reporting bank : Residential properties",2012-03-01,3099
"Number of properties repossessed by the reporting bank : Residential properties",2012-06-01,8517
"Number of properties repossessed by the reporting bank : Residential properties",2012-09-01,2717
"Number of properties repossessed by the reporting bank : Residential properties",2012-12-01,2679
"Number of properties repossessed by the reporting bank : Residential properties",2013-03-01,2162
"Number of properties repossessed by the reporting bank : Residential properties",2013-06-01,2065
"Number of properties repossessed by the reporting bank : Residential properties",2013-09-01,1475
"Number of properties repossessed by the reporting bank : Residential properties",2013-12-01,1128
"Number of properties repossessed by the reporting bank : Residential properties",2014-03-01,774
"Number of properties repossessed by the reporting bank : Residential properties",2014-06-01,622
"Number of properties repossessed by the reporting bank : Residential properties",2014-09-01,718
"Number of properties repossessed by the reporting bank : Residential properties",2014-12-01,432
"Number of properties repossessed by the reporting bank : Residential properties",2015-03-01,358
"Number of properties repossessed by the reporting bank : Residential properties",2015-06-01,288
"Number of properties repossessed by the reporting bank : Residential properties",2015-09-01,264
"Number of properties repossessed by the reporting bank : Residential properties",2015-12-01,216
"Number of properties repossessed by the reporting bank : Residential properties",2016-03-01,226
"Number of properties repossessed by the reporting bank : Residential properties",2016-06-01,234
"Number of properties repossessed by the reporting bank : Residential properties",2016-09-01,224
"Number of properties repossessed by the reporting bank : Residential properties",2016-12-01,204
"Number of properties repossessed by the reporting bank : Residential properties",2017-03-01,187
"Number of properties repossessed by the reporting bank : Residential properties",2017-06-01,187
"Number of properties repossessed by the reporting bank : Residential properties",2017-09-01,160
"Number of properties repossessed by the reporting bank : Residential properties",2017-12-01,151
"Number of properties repossessed by the reporting bank : Residential properties",2018-03-01,115
"Number of properties repossessed by the reporting bank : Residential properties",2018-06-01,119
"Number of properties repossessed by the reporting bank : Residential properties",2018-09-01,113
"Number of properties repossessed by the reporting bank : Residential properties",2018-12-01,155
"Number of properties repossessed by the reporting bank : Residential properties",2019-03-01,41
"Number of properties repossessed by the reporting bank : Residential properties",2019-06-01,45
"Number of properties repossessed by the reporting bank : Residential properties",2019-09-01,39
"Number of properties repossessed by the reporting bank : Residential properties",2019-12-01,35
"Number of properties repossessed by the reporting bank : Residential properties",2020-03-01,36
"Number of properties repossessed by the reporting bank : Residential properties",2020-06-01,28
"Number of properties repossessed by the reporting bank : Residential properties",2020-09-01,27
"Number of properties repossessed by the reporting bank : Residential properties",2020-12-01,44
"Number of properties repossessed by the reporting bank : Residential properties",2021-03-01,31
"Number of properties repossessed by the reporting bank : Residential properties",2021-06-01,69
"Number of properties repossessed by the reporting bank : Residential properties",2021-09-01,40
"Number of properties repossessed by the reporting bank : Residential properties",2021-12-01,38
"Number of properties repossessed by the reporting bank : Residential properties",2022-03-01,21
"Number of properties repossessed by the reporting bank : Residential properties",2022-06-01,26
"Number of properties repossessed by the reporting bank : Residential properties",2022-09-01,28
"Number of properties repossessed by the reporting bank : Residential properties",2022-12-01,41
"Number of properties repossessed by the reporting bank : Residential properties",2023-03-01,56
"Number of properties repossessed by the reporting bank : Residential properties",2023-06-01,82
"Number of properties repossessed by the reporting bank :  Commercial properties",2010-03-01,29
"Number of properties repossessed by the reporting bank :  Commercial properties",2010-06-01,34
"Number of properties repossessed by the reporting bank :  Commercial properties",2010-09-01,38
"Number of properties repossessed by the reporting bank :  Commercial properties",2010-12-01,35
"Number of properties repossessed by the reporting bank :  Commercial properties",2011-03-01,42
"Number of properties repossessed by the reporting bank :  Commercial properties",2011-06-01,45
"Number of properties repossessed by the reporting bank :  Commercial properties",2011-09-01,55
"Number of properties repossessed by the reporting bank :  Commercial properties",2011-12-01,56
"Number of properties repossessed by the reporting bank :  Commercial properties",2012-03-01,0
"Number of properties repossessed by the reporting bank :  Commercial properties",2012-06-01,17
"Number of properties repossessed by the reporting bank :  Commercial properties",2012-09-01,13
"Number of properties repossessed by the reporting bank :  Commercial properties",2012-12-01,1
"Number of properties repossessed by the reporting bank :  Commercial properties",2013-03-01,19
"Number of properties repossessed by the reporting bank :  Commercial properties",2013-06-01,1
"Number of properties repossessed by the reporting bank :  Commercial properties",2013-09-01,0
"Number of properties repossessed by the reporting bank :  Commercial properties",2013-12-01,0
"Number of properties repossessed by the reporting bank :  Commercial properties",2014-03-01,0
"Number of properties repossessed by the reporting bank :  Commercial properties",2014-06-01,0
"Number of properties repossessed by the reporting bank :  Commercial properties",2014-09-01,0
"Number of properties repossessed by the reporting bank :  Commercial properties",2014-12-01,0
"Number of properties repossessed by the reporting bank :  Commercial properties",2015-03-01,4
"Number of properties repossessed by the reporting bank :  Commercial properties",2015-06-01,5
"Number of properties repossessed by the reporting bank :  Commercial properties",2015-09-01,0
"Number of properties repossessed by the reporting bank :  Commercial properties",2015-12-01,4
"Number of properties repossessed by the reporting bank :  Commercial properties",2016-03-01,4
"Number of properties repossessed by the reporting bank :  Commercial properties",2016-06-01,0
"Number of properties repossessed by the reporting bank :  Commercial properties",2016-09-01,0
"Number of properties repossessed by the reporting bank :  Commercial properties",2016-12-01,0
"Number of properties repossessed by the reporting bank :  Commercial properties",2017-03-01,2
"Number of properties repossessed by the reporting bank :  Commercial properties",2017-06-01,19
"Number of properties repossessed by the reporting bank :  Commercial properties",2017-09-01,4
"Number of properties repossessed by the reporting bank :  Commercial properties",2017-12-01,4
"Number of properties repossessed by the reporting bank :  Commercial properties",2018-03-01,2
"Number of properties repossessed by the reporting bank :  Commercial properties",2018-06-01,2
"Number of properties repossessed by the reporting bank :  Commercial properties",2018-09-01,4
"Number of properties repossessed by the reporting bank :  Commercial properties",2018-12-01,2
"Number of properties repossessed by the reporting bank :  Commercial properties",2019-03-01,3
"Number of properties repossessed by the reporting bank :  Commercial properties",2019-06-01,3
"Number of properties repossessed by the reporting bank :  Commercial properties",2019-09-01,3
"Number of properties repossessed by the reporting bank :  Commercial properties",2019-12-01,4
"Number of properties repossessed by the reporting bank :  Commercial properties",2020-03-01,2
"Number of properties repossessed by the reporting bank :  Commercial properties",2020-06-01,2
"Number of properties repossessed by the reporting bank :  Commercial properties",2020-09-01,0
"Number of properties repossessed by the reporting bank :  Commercial properties",2020-12-01,3
"Number of properties repossessed by the reporting bank :  Commercial properties",2021-03-01,4
"Number of properties repossessed by the reporting bank :  Commercial properties",2021-06-01,4
"Number of properties repossessed by the reporting bank :  Commercial properties",2021-09-01,4
"Number of properties repossessed by the reporting bank :  Commercial properties",2021-12-01,4
"Number of properties repossessed by the reporting bank :  Commercial properties",2022-03-01,4
"Number of properties repossessed by the reporting bank :  Commercial properties",2022-06-01,4
"Number of properties repossessed by the reporting bank :  Commercial properties",2022-09-01,3
"Number of properties repossessed by the reporting bank :  Commercial properties",2022-12-01,2
"Number of properties repossessed by the reporting bank :  Commercial properties",2023-03-01,2
"Number of properties repossessed by the reporting bank :  Commercial properties",2023-06-01,2
"Number of loan accounts",2010-03-01,NA
"Number of loan accounts",2010-06-01,NA
"Number of loan accounts",2010-09-01,NA
"Number of loan accounts",2010-12-01,NA
"Number of loan accounts",2011-03-01,NA
"Number of loan accounts",2011-06-01,NA
"Number of loan accounts",2011-09-01,0
"Number of loan accounts",2011-12-01,NA
"Number of loan accounts",2012-03-01,19880236
"Number of loan accounts",2012-06-01,20133520
"Number of loan accounts",2012-09-01,20116811
"Number of loan accounts",2012-12-01,19758483
"Number of loan accounts",2013-03-01,18883359
"Number of loan accounts",2013-06-01,17327401
"Number of loan accounts",2013-09-01,16147597
"Number of loan accounts",2013-12-01,16256236
"Number of loan accounts",2014-03-01,16609764
"Number of loan accounts",2014-06-01,16156485
"Number of loan accounts",2014-09-01,15926198
"Number of loan accounts",2014-12-01,16112844
"Number of loan accounts",2015-03-01,16083719
"Number of loan accounts",2015-06-01,15626918
"Number of loan accounts",2015-09-01,15910083
"Number of loan accounts",2015-12-01,16192851
"Number of loan accounts",2016-03-01,16235649
"Number of loan accounts",2016-06-01,15293213
"Number of loan accounts",2016-09-01,15143068
"Number of loan accounts",2016-12-01,15256924
"Number of loan accounts",2017-03-01,15361366
"Number of loan accounts",2017-06-01,15540490
"Number of loan accounts",2017-09-01,15475262
"Number of loan accounts",2017-12-01,15528282
"Number of loan accounts",2018-03-01,15703909
"Number of loan accounts",2018-06-01,15809507
"Number of loan accounts",2018-09-01,15763121
"Number of loan accounts",2018-12-01,16108257
"Number of loan accounts",2019-03-01,16286366
"Number of loan accounts",2019-06-01,14854144
"Number of loan accounts",2019-09-01,16755125
"Number of loan accounts",2019-12-01,17080169
"Number of loan accounts",2020-03-01,20420961
"Number of loan accounts",2020-06-01,20520085
"Number of loan accounts",2020-09-01,20443934
"Number of loan accounts",2020-12-01,21017173
"Number of loan accounts",2021-03-01,21312147
"Number of loan accounts",2021-06-01,21576076
"Number of loan accounts",2021-09-01,21676154
"Number of loan accounts",2021-12-01,21879481
"Number of loan accounts",2022-03-01,22070578
"Number of loan accounts",2022-06-01,22215835
"Number of loan accounts",2022-09-01,22893967
"Number of loan accounts",2022-12-01,23238879
"Number of loan accounts",2023-03-01,24013447
"Number of loan accounts",2023-06-01,24392951
"Number of customers",2010-03-01,NA
"Number of customers",2010-06-01,NA
"Number of customers",2010-09-01,NA
"Number of customers",2010-12-01,NA
"Number of customers",2011-03-01,NA
"Number of customers",2011-06-01,NA
"Number of customers",2011-09-01,NA
"Number of customers",2011-12-01,NA
"Number of customers",2012-03-01,NA
"Number of customers",2012-06-01,NA
"Number of customers",2012-09-01,NA
"Number of customers",2012-12-01,NA
"Number of customers",2013-03-01,44136966
"Number of customers",2013-06-01,50371777
"Number of customers",2013-09-01,55853693
"Number of customers",2013-12-01,54583902
"Number of customers",2014-03-01,54837866
"Number of customers",2014-06-01,55560679
"Number of customers",2014-09-01,56238075
"Number of customers",2014-12-01,56335164
"Number of customers",2015-03-01,55227497
"Number of customers",2015-06-01,56463745
"Number of customers",2015-09-01,55771828
"Number of customers",2015-12-01,56192365
"Number of customers",2016-03-01,57119865
"Number of customers",2016-06-01,56067301
"Number of customers",2016-09-01,56807947
"Number of customers",2016-12-01,56932332
"Number of customers",2017-03-01,62333729
"Number of customers",2017-06-01,62724540
"Number of customers",2017-09-01,63042871
"Number of customers",2017-12-01,61851914
"Number of customers",2018-03-01,62232447
"Number of customers",2018-06-01,62086345
"Number of customers",2018-09-01,54884330
"Number of customers",2018-12-01,52479039
"Number of customers",2019-03-01,53447995
"Number of customers",2019-06-01,54218169
"Number of customers",2019-09-01,55288386
"Number of customers",2019-12-01,56184474
"Number of customers",2020-03-01,59262621
"Number of customers",2020-06-01,58964799
"Number of customers",2020-09-01,60490934
"Number of customers",2020-12-01,62322872
"Number of customers",2021-03-01,64227715
"Number of customers",2021-06-01,65539645
"Number of customers",2021-09-01,62588411
"Number of customers",2021-12-01,64643440
"Number of customers",2022-03-01,66914519
"Number of customers",2022-06-01,69360350
"Number of customers",2022-09-01,72344777
"Number of customers",2022-12-01,67755231
"Number of customers",2023-03-01,70668611
"Number of customers",2023-06-01,72695186
